{"cameraMode":{"drawMode":0,"name":"Shaded","section":"Shading Mode"},"sceneLighting":false,"audioPlay":false,"sceneViewState":{"m_AlwaysRefresh":false,"showFog":true,"showSkybox":false,"showFlares":true,"showImageEffects":true,"showParticleSystems":true,"showVisualEffectGraphs":true,"m_FxEnabled":true},"in2DMode":false,"pivot":{"x":-3.968623638153076,"y":0.8399999737739563,"z":-6.403064727783203},"rotation":{"x":-0.16421227157115937,"y":0.1879156529903412,"z":-0.03165411576628685,"w":-0.9679862856864929},"size":0.0005173440440557897,"orthographic":false}