{"cameraMode":{"drawMode":0,"name":"Shaded","section":"Shading Mode"},"sceneLighting":false,"audioPlay":false,"sceneViewState":{"m_AlwaysRefresh":false,"showFog":true,"showSkybox":false,"showFlares":true,"showImageEffects":true,"showParticleSystems":true,"showVisualEffectGraphs":true,"m_FxEnabled":true},"in2DMode":false,"pivot":{"x":-3.2119436264038088,"y":0.2737237215042114,"z":0.6619386076927185},"rotation":{"x":0.04497629404067993,"y":-0.7082337141036987,"z":0.04532947391271591,"w":0.7031496167182922},"size":1.124315857887268,"orthographic":false}