{"cameraMode":{"drawMode":0,"name":"Shaded","section":"Shading Mode"},"sceneLighting":false,"audioPlay":false,"sceneViewState":{"m_AlwaysRefresh":false,"showFog":true,"showSkybox":false,"showFlares":true,"showImageEffects":true,"showParticleSystems":true,"showVisualEffectGraphs":true,"m_FxEnabled":true},"in2DMode":false,"pivot":{"x":-0.054961204528808597,"y":0.6351556777954102,"z":1.3320951461791993},"rotation":{"x":-0.23032651841640473,"y":0.03104567900300026,"z":-0.007144780829548836,"w":-0.9727148413658142},"size":10.465874671936036,"orthographic":false}