{"cameraMode":{"drawMode":0,"name":"Shaded","section":"Shading Mode"},"sceneLighting":true,"audioPlay":false,"sceneViewState":{"m_AlwaysRefresh":false,"showFog":true,"showSkybox":true,"showFlares":true,"showImageEffects":true,"showParticleSystems":true,"showVisualEffectGraphs":true,"m_FxEnabled":true},"in2DMode":false,"pivot":{"x":-2.653775930404663,"y":0.6484631896018982,"z":0.6774845719337463},"rotation":{"x":0.23622456192970277,"y":-0.021654967218637468,"z":0.004981799516826868,"w":0.9715734124183655},"size":13.002035140991211,"orthographic":false}