{"cameraMode":{"drawMode":0,"name":"Shaded","section":"Shading Mode"},"sceneLighting":true,"audioPlay":false,"sceneViewState":{"m_AlwaysRefresh":false,"showFog":true,"showSkybox":true,"showFlares":true,"showImageEffects":true,"showParticleSystems":true,"showVisualEffectGraphs":true,"m_FxEnabled":true},"in2DMode":false,"pivot":{"x":-0.1960630714893341,"y":-124.9018325805664,"z":204.58941650390626},"rotation":{"x":0.26821020245552065,"y":-0.0041402908973395828,"z":0.0008557002292945981,"w":0.9634779691696167},"size":128.6107940673828,"orthographic":false}