{"cameraMode":{"drawMode":0,"name":"Shaded","section":"Shading Mode"},"sceneLighting":true,"audioPlay":false,"sceneViewState":{"m_AlwaysRefresh":false,"showFog":true,"showSkybox":true,"showFlares":true,"showImageEffects":true,"showParticleSystems":true,"showVisualEffectGraphs":true,"m_FxEnabled":true},"in2DMode":false,"pivot":{"x":-4.665707111358643,"y":0.34719300270080569,"z":0.8674923181533814},"rotation":{"x":0.3312203884124756,"y":-0.03457372263073921,"z":0.01209406927227974,"w":0.9429106712341309},"size":9.323735237121582,"orthographic":false}