{"cameraMode":{"drawMode":0,"name":"Shaded","section":"Shading Mode"},"sceneLighting":true,"audioPlay":false,"sceneViewState":{"m_AlwaysRefresh":false,"showFog":true,"showSkybox":true,"showFlares":true,"showImageEffects":true,"showParticleSystems":true,"showVisualEffectGraphs":true,"m_FxEnabled":true},"in2DMode":false,"pivot":{"x":-12.676568031311036,"y":-8.797005653381348,"z":38.714027404785159},"rotation":{"x":-0.16421227157115937,"y":0.1879156529903412,"z":-0.03165411576628685,"w":-0.9679862856864929},"size":25.697046279907228,"orthographic":false}