{"cameraMode":{"drawMode":0,"name":"Shaded","section":"Shading Mode"},"sceneLighting":true,"audioPlay":false,"sceneViewState":{"m_AlwaysRefresh":false,"showFog":true,"showSkybox":true,"showFlares":true,"showImageEffects":true,"showParticleSystems":true,"showVisualEffectGraphs":true,"m_FxEnabled":true},"in2DMode":false,"pivot":{"x":-1.8435710668563843,"y":-0.2613039016723633,"z":-0.6543941497802734},"rotation":{"x":-0.2914521396160126,"y":0.02095795050263405,"z":-0.006389441899955273,"w":-0.9563682079315186},"size":10.08491325378418,"orthographic":false}